{"params": {"learning_rate": 0.001, "dropout": 0.2, "n1": 128, "n2": 64, "epochs": 5, "batches_size": 100}, "train_loss": [2.269030635356903, 2.2010738348960874, 2.1098690648873646, 1.9828335493803024, 1.8195048544804255], "train_accuracy": [2.234759023189545, 2.1539074683189394, 2.0405775713920593, 1.8837783741950989, 1.6961779129505157], "valid_loss": [0.13236666666666666, 0.20765, 0.28531666666666666, 0.3609, 0.41505], "valid_accuracy": [0.1213, 0.2865, 0.4043, 0.4628, 0.5495]}