{"params": {"learning_rate": 0.0005, "dropout": 0.3, "n1": 64, "n2": 31, "epochs": 1, "batches_size": 100}, "train_loss": [2.3052205562591555], "train_accuracy": [2.2981041979789736], "valid_loss": [0.1011], "valid_accuracy": [0.1373]}