{"params": {"learning_rate": 0.01, "dropout": 0.5, "n1": 256, "n2": 128, "epochs": 10, "batches_size": 100}, "train_loss": [1.8226784572998682, 1.1277816933393479, 0.9241272562742233, 0.8282889597614607, 0.7632848630348842, 0.7144122826556365, 0.6785993079344431, 0.6462355528771877, 0.6202522252500057, 0.598116041769584], "train_accuracy": [1.184055768251419, 0.8783331453800202, 0.7651627039909363, 0.7028750139474869, 0.6558378240466118, 0.6163740599155426, 0.5854476389288902, 0.5627150917053223, 0.5411143326759338, 0.5241819605231285], "valid_loss": [0.36628333333333335, 0.5755666666666667, 0.6538666666666667, 0.6948666666666666, 0.7249333333333333, 0.74635, 0.7600166666666667, 0.7723, 0.7836833333333333, 0.7934333333333333], "valid_accuracy": [0.6073, 0.6715, 0.7073, 0.7402, 0.7624, 0.7791, 0.793, 0.7969, 0.8074, 0.8141]}