{"params": {"learning_rate": 0.0005, "dropout": 0.3, "n1": 64, "n2": 31, "epochs": 15, "batches_size": 100}, "train_loss": [2.288757554690043, 2.2686049803098043, 2.2465464834372204, 2.220679481426875, 2.1913397943973543, 2.156533883412679, 2.1145031023025513, 2.0689010580380756, 2.0169143424431484, 1.9604739131530127, 1.9010529041290283, 1.8395143389701842, 1.7758458765347798, 1.717071566383044, 1.6671689132849374], "train_accuracy": [2.276882600784302, 2.2534626793861388, 2.2272477626800535, 2.1970777130126953, 2.161511652469635, 2.1195647978782652, 2.070207612514496, 2.013683160543442, 1.9497225856781006, 1.879983561038971, 1.8067610609531402, 1.7329299294948577, 1.6609084355831145, 1.5933950352668762, 1.5327587580680848], "valid_loss": [0.14683333333333334, 0.19415, 0.22618333333333332, 0.24681666666666666, 0.25805, 0.2670666666666667, 0.27865, 0.2895333333333333, 0.29946666666666666, 0.3116833333333333, 0.3227, 0.33726666666666666, 0.3555, 0.36733333333333335, 0.3783666666666667], "valid_accuracy": [0.2251, 0.2939, 0.3147, 0.3168, 0.313, 0.3073, 0.3124, 0.3335, 0.3617, 0.4009, 0.4398, 0.4698, 0.489, 0.4986, 0.5078]}