{"train_loss": [2.2772855428854624, 2.2103343538443245, 2.110838072101275, 1.9641364938020707, 1.7952909880876542], "train_accuracy": [2.2434780311584475, 2.160402543544769, 2.0309509897232054, 1.8558227276802064, 1.6778230571746826], "valid_loss": [0.20098333333333335, 0.33466666666666667, 0.34951666666666664, 0.3623, 0.3883333333333333], "valid_accuracy": [0.4125, 0.4315, 0.4388, 0.4795, 0.5036]}