{"train_loss": [1.8165842616558074, 1.08798641115427, 0.9007399530212085, 0.8153661228219669, 0.7593630933761597, 0.7162819357216358, 0.6780849420030912, 0.6485931388040383, 0.6237820769349735, 0.600595393727223], "train_accuracy": [1.147921427488327, 0.8443423688411713, 0.75262910425663, 0.6977659225463867, 0.653359884917736, 0.6185373476147652, 0.5908619171380997, 0.5660288968682289, 0.547641490995884, 0.5313283023238182], "valid_loss": [0.36415, 0.5937, 0.65925, 0.6955833333333333, 0.7255833333333334, 0.7436, 0.7578833333333334, 0.7692, 0.78105, 0.7879666666666667], "valid_accuracy": [0.6246, 0.6677, 0.7077, 0.7387, 0.7607, 0.7772, 0.7855, 0.7969, 0.8043, 0.8106]}