{"train_loss": [2.3008926701545716, 2.281872763633728, 2.2617423645655315, 2.2380069013436636, 2.2107765603065492, 2.1787312746047975, 2.1413875238100686, 2.1002449174722035, 2.0561830234527587, 2.011344365477562, 1.9617415155967077, 1.9142567747831345, 1.8703972971439362, 1.8256225128968557, 1.7805980626742046], "train_accuracy": [2.2880892729759217, 2.266681172847748, 2.242430610656738, 2.2141903471946716, 2.180818946361542, 2.1414183592796325, 2.0968210339546203, 2.048239222764969, 1.9957659125328064, 1.9405451536178588, 1.883666582107544, 1.826808476448059, 1.7717203879356385, 1.7181228172779084, 1.6666850650310516], "valid_loss": [0.12468333333333333, 0.15116666666666667, 0.18355, 0.20996666666666666, 0.23368333333333333, 0.25598333333333334, 0.27508333333333335, 0.29051666666666665, 0.3029833333333333, 0.3118166666666667, 0.3221333333333333, 0.32985, 0.33781666666666665, 0.34655, 0.3552666666666667], "valid_accuracy": [0.1752, 0.1946, 0.2242, 0.2349, 0.2529, 0.2977, 0.3297, 0.3797, 0.4182, 0.4355, 0.4307, 0.4244, 0.4202, 0.427, 0.4378]}